﻿<parameters>
  <parameter name="IIS Web Application Name" defaultValue="Default Web Site/website_deploy" tags="IisApp">
    <parameterEntry kind="ProviderPath" scope="IisApp" match="^C:\\Users\\StewartM\\AppData\\Local\\Temp\\WebSitePublish\\website-761555994\\obj\\Debug\\Package\\PackageTmp$" />
    <parameterEntry kind="ProviderPath" scope="setAcl" match="^C:\\Users\\StewartM\\AppData\\Local\\Temp\\WebSitePublish\\website-761555994\\obj\\Debug\\Package\\PackageTmp$" />
  </parameter>
  <parameter name="Add write permission to App_Data Folder" description="Add write permission to App_Data folder" defaultValue="{IIS Web Application Name}/App_Data" tags="Hidden">
    <parameterEntry kind="ProviderPath" scope="setAcl" match="^C:\\Users\\StewartM\\AppData\\Local\\Temp\\WebSitePublish\\website-761555994\\obj\\Debug\\Package\\PackageTmp\\App_Data$" />
  </parameter>
  <parameter name="umbracoDbDSN-Web.config Connection String" defaultValue="server=.\SQLExpress;database=AFCUmbraco611;user id=adc_user;password=password123">
    <parameterEntry kind="XmlFile" scope="C:\\Users\\StewartM\\AppData\\Local\\Temp\\WebSitePublish\\website-761555994\\obj\\Debug\\Package\\PackageTmp\\Web\.config$" match="/configuration/connectionStrings/add[@name='umbracoDbDSN']/@connectionString" />
  </parameter>
</parameters>